0,3.15,9.23,-0.16,-0.52,-0.63,-0.32,-0.48,1.73,9.41,0.75,-0.60,-0.59,-0.32,-0.44,-2.96,8.39,4.26,0.47,0.41,-0.35,-0.70
14,3.18,9.21,-0.16,-0.52,-0.63,-0.32,-0.48,1.82,9.42,0.71,-0.60,-0.59,-0.32,-0.44,-3.01,8.37,4.31,0.47,0.41,-0.35,-0.70
27,3.25,9.20,-0.20,-0.52,-0.63,-0.32,-0.48,1.77,9.43,0.69,-0.60,-0.59,-0.32,-0.44,-2.96,8.36,4.37,0.47,0.41,-0.35,-0.70
39,2.99,9.31,-0.14,-0.52,-0.63,-0.32,-0.48,1.68,9.44,0.71,-0.60,-0.59,-0.32,-0.44,-2.73,8.48,4.29,0.47,0.41,-0.35,-0.70
50,2.90,9.32,-0.09,-0.52,-0.63,-0.32,-0.48,1.47,9.50,0.77,-0.60,-0.59,-0.32,-0.44,-2.61,8.52,4.30,0.47,0.41,-0.35,-0.70
64,2.80,9.35,-0.06,-0.52,-0.63,-0.32,-0.48,1.29,9.45,0.86,-0.60,-0.59,-0.32,-0.44,-2.45,8.55,4.12,0.47,0.41,-0.35,-0.70
78,2.71,9.32,-0.02,-0.52,-0.63,-0.32,-0.48,1.16,9.44,0.88,-0.60,-0.59,-0.32,-0.44,-2.29,8.54,4.17,0.47,0.41,-0.35,-0.70
89,2.38,9.38,0.02,-0.52,-0.63,-0.32,-0.48,0.94,9.47,0.92,-0.60,-0.58,-0.32,-0.44,-2.20,8.56,4.21,0.47,0.41,-0.35,-0.70
101,2.33,9.40,0.00,-0.52,-0.63,-0.32,-0.48,0.85,9.48,0.94,-0.60,-0.58,-0.32,-0.44,-1.98,8.61,4.26,0.48,0.41,-0.35,-0.70
114,2.31,9.45,-0.03,-0.52,-0.63,-0.32,-0.48,0.75,9.55,0.85,-0.60,-0.58,-0.33,-0.44,-1.96,8.60,4.31,0.48,0.41,-0.35,-0.70
128,2.19,9.48,-0.08,-0.52,-0.63,-0.33,-0.48,0.70,9.52,0.77,-0.60,-0.58,-0.33,-0.44,-1.94,8.56,4.35,0.48,0.41,-0.35,-0.69
138,2.10,9.48,-0.06,-0.52,-0.63,-0.33,-0.48,0.68,9.53,0.80,-0.60,-0.58,-0.33,-0.44,-1.86,8.53,4.36,0.48,0.41,-0.35,-0.69
150,2.11,9.47,-0.08,-0.52,-0.63,-0.33,-0.48,0.65,9.51,0.83,-0.60,-0.58,-0.33,-0.44,-1.85,8.59,4.40,0.48,0.41,-0.35,-0.69
163,2.14,9.50,0.01,-0.52,-0.63,-0.33,-0.48,0.66,9.53,0.86,-0.60,-0.58,-0.33,-0.44,-1.84,8.62,4.33,0.48,0.41,-0.35,-0.69
175,2.22,9.47,0.02,-0.52,-0.63,-0.33,-0.48,0.78,9.54,0.91,-0.60,-0.58,-0.33,-0.44,-1.92,8.64,4.24,0.48,0.41,-0.35,-0.69
188,2.32,9.45,0.03,-0.52,-0.63,-0.33,-0.48,0.94,9.55,0.96,-0.60,-0.58,-0.33,-0.44,-2.01,8.67,4.28,0.48,0.41,-0.35,-0.69
200,2.67,9.41,-0.01,-0.52,-0.63,-0.33,-0.48,1.12,9.52,0.90,-0.60,-0.58,-0.33,-0.44,-2.13,8.65,4.18,0.48,0.41,-0.35,-0.69
213,2.73,9.36,-0.01,-0.52,-0.63,-0.33,-0.48,1.19,9.52,0.93,-0.60,-0.58,-0.33,-0.44,-2.17,8.64,4.12,0.48,0.41,-0.36,-0.69
225,2.77,9.31,0.02,-0.52,-0.63,-0.33,-0.48,1.22,9.46,0.92,-0.60,-0.58,-0.33,-0.44,-2.22,8.65,4.14,0.48,0.40,-0.36,-0.69
238,2.75,9.33,-0.04,-0.52,-0.63,-0.33,-0.48,1.10,9.47,1.00,-0.60,-0.58,-0.33,-0.44,-2.13,8.64,4.17,0.48,0.40,-0.36,-0.69
250,2.56,9.34,0.06,-0.52,-0.63,-0.33,-0.48,1.11,9.45,0.95,-0.60,-0.58,-0.33,-0.44,-2.09,8.62,4.17,0.48,0.40,-0.36,-0.69
263,2.52,9.38,0.09,-0.52,-0.63,-0.33,-0.48,1.09,9.48,0.97,-0.60,-0.58,-0.33,-0.44,-2.04,8.66,4.21,0.48,0.40,-0.36,-0.69
275,2.44,9.43,0.09,-0.52,-0.63,-0.33,-0.48,0.89,9.54,1.02,-0.60,-0.58,-0.33,-0.44,-2.03,8.66,4.22,0.48,0.40,-0.36,-0.69
288,2.35,9.46,0.14,-0.52,-0.63,-0.33,-0.48,0.85,9.54,1.04,-0.60,-0.58,-0.33,-0.44,-2.02,8.68,4.20,0.48,0.40,-0.36,-0.69
302,2.22,9.46,0.18,-0.52,-0.63,-0.33,-0.48,0.77,9.53,1.11,-0.60,-0.58,-0.33,-0.44,-1.86,8.71,4.15,0.48,0.40,-0.36,-0.69
312,2.24,9.43,0.12,-0.52,-0.63,-0.33,-0.48,0.73,9.49,1.06,-0.60,-0.58,-0.33,-0.44,-1.91,8.71,4.18,0.48,0.40,-0.36,-0.69
326,2.32,9.50,0.09,-0.52,-0.63,-0.33,-0.48,0.88,9.55,1.02,-0.60,-0.58,-0.33,-0.44,-1.96,8.74,4.13,0.48,0.40,-0.36,-0.69
339,2.51,9.41,0.06,-0.52,-0.63,-0.33,-0.48,0.94,9.54,1.04,-0.60,-0.58,-0.33,-0.44,-2.02,8.68,4.22,0.48,0.40,-0.36,-0.69
352,2.56,9.38,0.04,-0.52,-0.63,-0.33,-0.48,1.11,9.49,0.93,-0.60,-0.58,-0.33,-0.44,-2.16,8.64,4.13,0.48,0.40,-0.36,-0.69
364,2.68,9.32,0.05,-0.52,-0.63,-0.33,-0.48,1.21,9.43,0.98,-0.60,-0.58,-0.33,-0.44,-2.26,8.59,4.16,0.48,0.40,-0.36,-0.69
380,2.70,9.31,0.05,-0.52,-0.63,-0.33,-0.48,1.20,9.44,0.96,-0.60,-0.58,-0.33,-0.44,-2.22,8.57,4.17,0.48,0.40,-0.36,-0.69
391,2.65,9.35,0.07,-0.52,-0.63,-0.33,-0.48,1.20,9.44,0.99,-0.60,-0.58,-0.33,-0.44,-2.27,8.58,4.19,0.48,0.40,-0.36,-0.69
404,2.62,9.36,0.11,-0.52,-0.63,-0.33,-0.48,1.20,9.46,0.97,-0.60,-0.58,-0.33,-0.44,-2.23,8.61,4.23,0.48,0.40,-0.36,-0.69
415,2.61,9.38,0.09,-0.52,-0.63,-0.33,-0.48,1.16,9.54,0.96,-0.60,-0.58,-0.33,-0.44,-2.25,8.59,4.23,0.48,0.40,-0.36,-0.69
425,2.63,9.38,0.09,-0.52,-0.63,-0.33,-0.48,1.14,9.52,0.96,-0.60,-0.58,-0.33,-0.44,-2.26,8.61,4.23,0.48,0.40,-0.36,-0.69
438,2.60,9.38,0.03,-0.52,-0.63,-0.33,-0.48,1.15,9.47,0.95,-0.60,-0.58,-0.33,-0.44,-2.16,8.62,4.25,0.48,0.40,-0.36,-0.69
452,2.62,9.36,0.08,-0.52,-0.63,-0.33,-0.48,1.11,9.48,0.98,-0.60,-0.58,-0.33,-0.44,-2.13,8.62,4.21,0.48,0.40,-0.36,-0.69
465,2.59,9.35,0.06,-0.52,-0.63,-0.33,-0.48,1.08,9.47,0.92,-0.60,-0.58,-0.33,-0.44,-2.20,8.61,4.24,0.48,0.40,-0.36,-0.69
480,2.49,9.40,0.01,-0.52,-0.63,-0.33,-0.48,1.05,9.50,0.91,-0.60,-0.58,-0.33,-0.44,-2.13,8.60,4.25,0.48,0.40,-0.36,-0.69
492,2.41,9.37,0.03,-0.52,-0.63,-0.33,-0.48,0.93,9.48,0.93,-0.60,-0.58,-0.33,-0.44,-2.09,8.58,4.19,0.48,0.40,-0.36,-0.69
504,2.41,9.38,0.07,-0.52,-0.63,-0.33,-0.48,0.97,9.46,0.93,-0.60,-0.58,-0.33,-0.44,-2.15,8.57,4.30,0.48,0.40,-0.36,-0.69
516,2.53,9.38,0.07,-0.52,-0.63,-0.33,-0.48,1.09,9.49,0.97,-0.60,-0.58,-0.33,-0.44,-2.17,8.58,4.29,0.48,0.40,-0.36,-0.69
531,2.59,9.31,0.02,-0.52,-0.63,-0.33,-0.48,1.05,9.42,0.95,-0.60,-0.58,-0.33,-0.44,-2.17,8.56,4.19,0.48,0.40,-0.36,-0.69
542,2.59,9.30,0.06,-0.52,-0.63,-0.33,-0.48,1.07,9.40,0.99,-0.60,-0.58,-0.33,-0.44,-2.07,8.58,4.20,0.48,0.40,-0.36,-0.69
554,2.64,9.36,0.04,-0.52,-0.63,-0.33,-0.48,1.08,9.48,0.95,-0.60,-0.58,-0.33,-0.44,-2.16,8.65,4.18,0.48,0.40,-0.36,-0.69
565,2.73,9.34,0.03,-0.52,-0.63,-0.33,-0.48,1.22,9.43,0.91,-0.60,-0.58,-0.33,-0.44,-2.22,8.51,4.17,0.48,0.40,-0.36,-0.69
581,2.75,9.23,0.03,-0.52,-0.63,-0.33,-0.48,1.24,9.39,0.91,-0.60,-0.58,-0.33,-0.44,-2.30,8.50,4.18,0.48,0.40,-0.36,-0.69
592,2.88,9.22,0.04,-0.52,-0.63,-0.33,-0.48,1.32,9.37,0.89,-0.60,-0.58,-0.33,-0.44,-2.32,8.52,4.15,0.48,0.40,-0.36,-0.69
603,2.90,9.33,0.05,-0.52,-0.63,-0.33,-0.48,1.31,9.50,0.86,-0.60,-0.58,-0.33,-0.44,-2.23,8.76,4.27,0.48,0.40,-0.36,-0.69
615,2.91,9.39,0.07,-0.52,-0.63,-0.33,-0.48,1.31,9.58,0.96,-0.60,-0.58,-0.33,-0.44,-2.20,8.73,4.26,0.48,0.40,-0.36,-0.69
630,2.61,9.47,0.06,-0.52,-0.63,-0.33,-0.48,1.15,9.60,0.93,-0.60,-0.58,-0.33,-0.44,-2.10,8.71,4.24,0.48,0.40,-0.36,-0.69
641,2.54,9.55,0.13,-0.52,-0.63,-0.33,-0.48,0.92,9.71,1.05,-0.60,-0.58,-0.33,-0.44,-1.96,8.84,4.34,0.48,0.40,-0.36,-0.69
652,2.55,9.56,0.15,-0.52,-0.63,-0.33,-0.48,0.90,9.72,1.06,-0.60,-0.58,-0.33,-0.44,-1.94,8.88,4.22,0.48,0.40,-0.36,-0.69
665,2.49,9.57,0.15,-0.52,-0.63,-0.33,-0.48,0.83,9.61,1.06,-0.60,-0.58,-0.33,-0.44,-1.99,8.70,4.24,0.48,0.40,-0.36,-0.69
676,2.33,9.42,0.12,-0.52,-0.63,-0.33,-0.48,0.81,9.50,0.97,-0.60,-0.58,-0.33,-0.44,-2.00,8.65,4.25,0.48,0.40,-0.36,-0.69
689,2.29,9.40,0.09,-0.52,-0.63,-0.33,-0.48,0.80,9.43,0.94,-0.60,-0.58,-0.33,-0.44,-2.03,8.56,4.21,0.48,0.40,-0.36,-0.69
700,2.29,9.32,-0.01,-0.52,-0.63,-0.33,-0.48,0.87,9.40,0.86,-0.60,-0.58,-0.33,-0.44,-2.22,8.48,4.38,0.48,0.40,-0.36,-0.70
714,2.66,9.39,-0.12,-0.52,-0.63,-0.33,-0.48,1.11,9.59,0.75,-0.60,-0.58,-0.33,-0.44,-2.63,8.55,4.48,0.48,0.40,-0.36,-0.70
726,2.94,9.35,-0.10,-0.52,-0.63,-0.33,-0.48,1.67,9.55,0.64,-0.60,-0.58,-0.33,-0.43,-3.32,8.32,4.53,0.48,0.40,-0.36,-0.70
739,3.09,9.24,-0.21,-0.52,-0.63,-0.33,-0.48,1.98,9.61,0.56,-0.60,-0.58,-0.33,-0.43,-3.51,8.43,4.55,0.48,0.40,-0.36,-0.70
750,3.30,9.39,-0.31,-0.52,-0.63,-0.33,-0.48,2.03,9.75,0.39,-0.60,-0.58,-0.33,-0.43,-3.45,8.36,4.71,0.48,0.39,-0.37,-0.70
764,2.96,9.32,-0.34,-0.52,-0.63,-0.33,-0.48,1.65,9.60,0.19,-0.61,-0.58,-0.33,-0.43,-2.90,7.99,4.28,0.48,0.39,-0.37,-0.69
776,2.67,9.09,-0.29,-0.52,-0.63,-0.33,-0.48,1.40,9.04,0.42,-0.61,-0.58,-0.33,-0.43,-3.03,7.93,4.10,0.48,0.39,-0.37,-0.69
789,2.62,9.00,-0.26,-0.52,-0.62,-0.33,-0.48,1.75,9.37,0.44,-0.61,-0.58,-0.33,-0.43,-3.38,8.10,4.27,0.48,0.39,-0.37,-0.69
800,2.99,9.04,0.00,-0.52,-0.62,-0.33,-0.48,1.90,9.22,0.45,-0.61,-0.58,-0.33,-0.43,-3.63,7.69,4.54,0.48,0.39,-0.37,-0.69
815,2.93,9.00,-0.07,-0.52,-0.62,-0.33,-0.48,1.79,9.11,0.38,-0.61,-0.57,-0.34,-0.43,-2.62,8.00,4.47,0.48,0.39,-0.38,-0.69
826,2.31,9.22,0.05,-0.53,-0.62,-0.33,-0.48,0.41,9.31,0.95,-0.61,-0.57,-0.34,-0.43,-1.98,8.25,3.87,0.48,0.38,-0.38,-0.69
839,1.96,9.33,0.31,-0.53,-0.62,-0.33,-0.48,0.14,9.22,1.23,-0.62,-0.57,-0.34,-0.43,-1.93,8.33,3.68,0.48,0.38,-0.38,-0.69
850,1.34,9.35,0.90,-0.53,-0.62,-0.33,-0.48,-0.16,9.11,1.50,-0.62,-0.57,-0.34,-0.42,-1.75,8.42,3.49,0.48,0.38,-0.39,-0.69
865,0.54,9.62,1.34,-0.53,-0.62,-0.33,-0.48,-0.87,9.18,2.06,-0.62,-0.56,-0.34,-0.42,-0.83,8.74,3.21,0.49,0.37,-0.39,-0.69
876,0.05,9.78,1.56,-0.53,-0.62,-0.33,-0.48,-1.56,9.12,2.70,-0.63,-0.56,-0.35,-0.42,-0.45,8.86,3.05,0.49,0.37,-0.39,-0.69
889,-0.31,9.85,1.67,-0.53,-0.61,-0.34,-0.48,-1.99,9.26,3.00,-0.63,-0.56,-0.35,-0.42,-0.12,8.98,2.88,0.49,0.37,-0.40,-0.68
900,-0.16,9.86,2.63,-0.53,-0.61,-0.34,-0.48,-2.14,9.25,4.00,-0.63,-0.55,-0.35,-0.42,0.50,9.21,2.37,0.50,0.36,-0.40,-0.68
915,-0.20,9.74,2.67,-0.53,-0.61,-0.34,-0.48,-2.10,9.06,4.28,-0.63,-0.55,-0.36,-0.41,1.01,9.09,1.62,0.50,0.36,-0.41,-0.67
926,-0.25,9.67,2.68,-0.53,-0.61,-0.34,-0.48,-3.04,8.95,3.89,-0.63,-0.54,-0.36,-0.41,1.71,8.80,1.41,0.51,0.35,-0.41,-0.67
939,-0.65,9.89,2.37,-0.52,-0.61,-0.35,-0.48,-3.19,9.04,3.90,-0.64,-0.54,-0.37,-0.41,2.11,8.70,1.68,0.52,0.35,-0.41,-0.66
950,-0.92,9.63,2.11,-0.52,-0.61,-0.35,-0.48,-3.46,8.88,3.89,-0.64,-0.53,-0.38,-0.41,2.79,8.80,1.73,0.52,0.35,-0.41,-0.66
965,-1.33,9.56,2.16,-0.52,-0.61,-0.35,-0.48,-3.87,8.57,4.00,-0.64,-0.52,-0.39,-0.41,5.36,9.60,0.33,0.54,0.34,-0.42,-0.65
977,-1.81,9.58,2.49,-0.52,-0.61,-0.36,-0.48,-6.00,8.40,4.79,-0.64,-0.52,-0.40,-0.41,5.86,9.59,0.50,0.55,0.33,-0.42,-0.64
989,-2.58,10.32,2.60,-0.51,-0.61,-0.36,-0.48,-6.55,8.72,4.29,-0.63,-0.51,-0.40,-0.41,6.00,8.86,0.43,0.55,0.32,-0.43,-0.64
1001,-2.80,10.91,2.57,-0.51,-0.61,-0.36,-0.48,-6.73,9.07,3.75,-0.63,-0.51,-0.41,-0.41,6.44,9.15,1.77,0.56,0.32,-0.43,-0.63
1015,-2.28,10.48,2.65,-0.51,-0.62,-0.36,-0.48,-5.67,9.03,4.96,-0.63,-0.50,-0.42,-0.41,4.79,8.83,3.53,0.57,0.30,-0.44,-0.62
1027,-1.42,9.49,2.62,-0.51,-0.62,-0.36,-0.48,-2.36,8.17,3.99,-0.64,-0.50,-0.43,-0.41,1.00,7.54,5.86,0.57,0.29,-0.45,-0.62
1039,2.01,6.93,2.17,-0.50,-0.62,-0.36,-0.48,1.54,6.48,3.08,-0.64,-0.49,-0.43,-0.41,-2.48,6.02,3.40,0.57,0.28,-0.46,-0.62
1050,3.02,6.52,-0.01,-0.50,-0.63,-0.36,-0.48,1.53,5.75,0.13,-0.64,-0.48,-0.44,-0.40,-3.30,3.22,2.46,0.57,0.28,-0.47,-0.61
1065,2.68,6.63,-2.50,-0.49,-0.63,-0.36,-0.48,0.44,4.98,-1.48,-0.64,-0.47,-0.46,-0.40,-0.51,1.66,4.24,0.57,0.27,-0.50,-0.60
1077,3.96,6.61,-3.42,-0.49,-0.63,-0.36,-0.48,1.47,7.66,-2.62,-0.64,-0.46,-0.47,-0.40,-0.69,3.54,5.81,0.58,0.26,-0.50,-0.59
1090,4.64,6.93,-4.17,-0.48,-0.63,-0.37,-0.49,0.96,8.77,-2.33,-0.64,-0.45,-0.48,-0.40,-0.49,4.73,5.54,0.59,0.25,-0.50,-0.58
1101,4.54,7.75,-4.24,-0.47,-0.63,-0.38,-0.49,-0.30,9.26,-2.22,-0.64,-0.44,-0.49,-0.39,4.81,8.42,5.59,0.60,0.25,-0.50,-0.57
1116,3.97,8.42,-3.18,-0.47,-0.63,-0.38,-0.49,-1.91,10.43,-1.79,-0.63,-0.43,-0.51,-0.39,7.12,10.86,6.46,0.62,0.24,-0.50,-0.55
1127,3.64,9.87,-2.28,-0.46,-0.63,-0.38,-0.49,-5.10,12.50,0.59,-0.63,-0.43,-0.52,-0.39,8.55,12.84,6.10,0.63,0.23,-0.50,-0.55
1140,4.31,11.25,-1.35,-0.46,-0.64,-0.39,-0.49,-4.61,13.18,0.68,-0.63,-0.43,-0.52,-0.38,6.44,13.08,6.28,0.63,0.23,-0.51,-0.54
1151,4.27,10.37,-1.55,-0.46,-0.64,-0.38,-0.49,-2.86,11.71,0.90,-0.63,-0.42,-0.53,-0.38,5.28,12.56,4.69,0.63,0.23,-0.51,-0.54
1166,4.45,9.72,-1.63,-0.45,-0.64,-0.38,-0.48,-2.52,10.81,1.07,-0.64,-0.42,-0.53,-0.37,4.89,11.70,4.36,0.63,0.22,-0.52,-0.53
1178,4.72,9.06,-1.64,-0.45,-0.65,-0.38,-0.48,-2.06,9.85,0.36,-0.64,-0.42,-0.53,-0.36,2.33,7.68,4.31,0.63,0.21,-0.53,-0.53
1190,3.54,7.97,-1.68,-0.45,-0.65,-0.38,-0.48,-2.53,8.37,0.55,-0.64,-0.42,-0.54,-0.36,3.13,6.98,3.77,0.63,0.21,-0.53,-0.53
1201,3.59,6.72,-1.39,-0.45,-0.65,-0.38,-0.48,-2.18,7.59,0.08,-0.64,-0.42,-0.54,-0.36,5.08,7.09,3.41,0.63,0.21,-0.54,-0.53
1215,4.76,8.83,-2.14,-0.45,-0.66,-0.38,-0.48,-2.81,8.53,0.00,-0.64,-0.41,-0.54,-0.36,3.98,7.83,4.11,0.63,0.21,-0.54,-0.52
1228,5.02,9.33,-2.76,-0.44,-0.66,-0.38,-0.47,-1.78,10.71,-0.45,-0.65,-0.41,-0.54,-0.35,3.27,8.47,5.50,0.63,0.20,-0.54,-0.52
1240,4.58,9.13,-3.22,-0.44,-0.66,-0.38,-0.47,-2.36,10.43,-0.77,-0.65,-0.41,-0.54,-0.35,4.49,8.67,5.52,0.63,0.20,-0.55,-0.52
1251,4.15,9.16,-2.78,-0.44,-0.66,-0.38,-0.48,-3.06,10.30,-0.60,-0.65,-0.41,-0.54,-0.35,4.91,8.88,5.08,0.63,0.20,-0.55,-0.51
1267,3.41,8.97,-2.13,-0.43,-0.66,-0.38,-0.48,-5.13,9.51,0.52,-0.64,-0.40,-0.54,-0.36,5.14,8.85,4.55,0.64,0.20,-0.54,-0.51
1278,3.09,9.34,-1.98,-0.43,-0.67,-0.38,-0.48,-5.55,9.64,0.34,-0.64,-0.40,-0.54,-0.36,7.74,8.43,3.71,0.64,0.20,-0.54,-0.51
1290,2.34,10.16,-1.54,-0.43,-0.67,-0.38,-0.48,-5.66,9.59,0.61,-0.64,-0.40,-0.54,-0.36,7.52,9.10,3.75,0.64,0.20,-0.54,-0.51
1301,2.41,10.44,-2.16,-0.42,-0.67,-0.38,-0.48,-5.99,10.31,0.49,-0.64,-0.40,-0.54,-0.36,7.80,9.58,4.66,0.64,0.20,-0.54,-0.51
1316,2.55,10.42,-2.68,-0.42,-0.67,-0.38,-0.48,-5.54,10.08,-0.08,-0.64,-0.40,-0.54,-0.36,6.82,8.34,4.58,0.64,0.21,-0.54,-0.51
1328,1.97,9.76,-2.47,-0.42,-0.67,-0.38,-0.49,-5.61,8.54,0.22,-0.64,-0.40,-0.54,-0.37,5.85,6.32,3.58,0.64,0.21,-0.54,-0.51
1340,2.54,8.53,-2.74,-0.41,-0.67,-0.38,-0.49,-4.31,8.31,-0.49,-0.64,-0.41,-0.54,-0.37,4.90,6.23,4.03,0.64,0.21,-0.54,-0.51
1351,2.71,8.62,-2.84,-0.41,-0.67,-0.37,-0.49,-4.13,8.57,-0.43,-0.64,-0.41,-0.54,-0.37,4.76,6.74,4.38,0.64,0.22,-0.53,-0.51
1366,3.46,9.41,-3.01,-0.41,-0.67,-0.37,-0.49,-4.17,9.43,-0.19,-0.64,-0.41,-0.53,-0.38,5.15,7.78,4.73,0.64,0.22,-0.53,-0.51
1378,4.02,10.34,-3.45,-0.41,-0.67,-0.37,-0.49,-4.35,11.10,-0.33,-0.64,-0.41,-0.53,-0.38,5.34,9.04,5.66,0.64,0.22,-0.52,-0.51
1390,3.69,10.10,-3.50,-0.40,-0.67,-0.37,-0.50,-3.85,11.02,-0.55,-0.64,-0.41,-0.53,-0.38,4.89,8.88,5.87,0.64,0.23,-0.52,-0.51
1402,3.69,9.78,-3.78,-0.40,-0.68,-0.37,-0.50,-3.44,10.94,-1.01,-0.64,-0.41,-0.52,-0.39,3.38,8.79,6.10,0.65,0.23,-0.52,-0.51
1417,5.17,7.88,-3.81,-0.40,-0.68,-0.36,-0.50,0.14,11.52,-0.45,-0.64,-0.41,-0.52,-0.39,2.16,9.21,6.32,0.65,0.23,-0.51,-0.51
1429,7.36,7.58,-3.75,-0.40,-0.68,-0.36,-0.50,1.02,12.69,0.53,-0.64,-0.41,-0.51,-0.39,-0.80,13.55,5.50,0.65,0.23,-0.51,-0.52
1441,10.94,8.01,-2.00,-0.40,-0.68,-0.36,-0.50,2.40,13.76,2.15,-0.65,-0.41,-0.51,-0.39,-2.06,15.46,4.99,0.65,0.24,-0.51,-0.52
1452,15.61,8.16,-0.45,-0.40,-0.68,-0.36,-0.50,5.94,16.12,4.98,-0.65,-0.42,-0.50,-0.40,-2.26,17.28,5.96,0.65,0.24,-0.50,-0.52
1467,17.49,7.70,-0.65,-0.40,-0.68,-0.36,-0.50,6.40,18.01,4.79,-0.65,-0.42,-0.49,-0.40,-1.19,18.19,7.51,0.65,0.25,-0.49,-0.52
1479,18.34,8.85,-0.38,-0.40,-0.67,-0.36,-0.51,7.93,21.53,7.84,-0.65,-0.42,-0.49,-0.41,-1.72,24.57,6.48,0.65,0.26,-0.49,-0.52
1490,22.97,11.97,0.09,-0.40,-0.67,-0.36,-0.51,9.74,23.28,8.61,-0.64,-0.43,-0.49,-0.41,-2.73,26.42,7.18,0.65,0.26,-0.48,-0.53
1501,24.47,12.35,-1.05,-0.40,-0.67,-0.36,-0.51,11.53,24.89,7.21,-0.64,-0.43,-0.48,-0.41,-7.45,26.28,10.17,0.65,0.27,-0.47,-0.53
1515,26.54,11.93,-2.27,-0.40,-0.66,-0.37,-0.52,13.95,25.74,5.25,-0.64,-0.43,-0.47,-0.42,-9.78,25.58,11.60,0.65,0.28,-0.46,-0.53
1529,29.38,11.46,-4.11,-0.40,-0.65,-0.37,-0.52,19.81,30.35,-3.36,-0.63,-0.44,-0.46,-0.44,-13.51,26.18,21.25,0.64,0.30,-0.44,-0.55
1541,35.21,16.58,-13.58,-0.41,-0.65,-0.37,-0.53,19.76,34.27,-7.07,-0.63,-0.45,-0.45,-0.44,-11.89,27.15,25.41,0.64,0.32,-0.43,-0.55
1551,34.93,21.05,-16.38,-0.41,-0.64,-0.38,-0.53,18.60,37.70,-9.23,-0.62,-0.46,-0.45,-0.45,-9.34,27.45,29.23,0.64,0.33,-0.41,-0.56
1566,31.67,26.48,-19.14,-0.41,-0.63,-0.38,-0.54,10.05,39.47,-13.61,-0.59,-0.49,-0.44,-0.47,-5.61,26.90,30.24,0.64,0.36,-0.37,-0.56
1579,15.57,31.53,-23.90,-0.42,-0.61,-0.39,-0.54,3.13,30.57,-14.15,-0.58,-0.50,-0.44,-0.48,0.94,12.09,18.50,0.65,0.38,-0.35,-0.56
1590,-4.47,29.46,-0.04,-0.43,-0.59,-0.40,-0.55,-10.41,21.76,11.59,-0.57,-0.51,-0.43,-0.48,-3.73,7.66,11.67,0.63,0.40,-0.34,-0.56
1601,-39.18,31.53,25.60,-0.45,-0.56,-0.41,-0.56,-39.38,31.13,16.96,-0.56,-0.51,-0.42,-0.50,37.37,31.88,-9.08,0.61,0.43,-0.34,-0.57
1615,-38.93,13.02,0.78,-0.46,-0.54,-0.43,-0.56,-39.47,24.44,34.35,-0.55,-0.50,-0.42,-0.52,39.21,31.80,-10.26,0.59,0.45,-0.34,-0.57
1629,-34.66,1.06,2.36,-0.47,-0.54,-0.42,-0.57,-21.53,0.29,21.25,-0.54,-0.51,-0.42,-0.53,-19.39,13.31,-2.25,0.60,0.48,-0.33,-0.56
1641,-11.84,11.58,8.29,-0.46,-0.53,-0.42,-0.57,-11.23,7.78,11.04,-0.54,-0.50,-0.42,-0.53,-2.53,-2.77,9.82,0.59,0.47,-0.33,-0.57
1652,-2.71,13.84,-6.40,-0.44,-0.54,-0.42,-0.57,-1.76,5.58,-3.84,-0.54,-0.50,-0.43,-0.52,-0.91,-9.97,-1.15,0.59,0.45,-0.34,-0.58
1668,4.58,7.40,-12.59,-0.43,-0.56,-0.43,-0.57,12.85,4.93,-15.44,-0.54,-0.50,-0.43,-0.52,-2.43,-8.82,20.04,0.60,0.44,-0.34,-0.57
1680,15.05,0.13,-3.66,-0.43,-0.57,-0.41,-0.57,15.31,6.19,-4.85,-0.55,-0.50,-0.42,-0.52,-6.54,9.34,3.85,0.60,0.44,-0.34,-0.57
1692,10.20,-2.02,3.57,-0.44,-0.57,-0.40,-0.57,12.88,5.53,2.55,-0.56,-0.50,-0.41,-0.52,-1.86,11.02,0.43,0.59,0.45,-0.35,-0.58
1702,3.07,-1.09,2.51,-0.45,-0.57,-0.39,-0.56,2.04,-2.11,6.26,-0.56,-0.50,-0.41,-0.52,-5.05,3.20,-8.69,0.58,0.45,-0.35,-0.58
1718,-0.57,-2.15,3.09,-0.46,-0.57,-0.39,-0.56,-3.49,-1.08,5.82,-0.56,-0.51,-0.40,-0.51,-3.84,4.24,-5.44,0.58,0.45,-0.35,-0.59
1730,-7.50,2.92,2.51,-0.46,-0.57,-0.40,-0.55,-7.16,1.29,4.17,-0.56,-0.51,-0.41,-0.51,9.02,-2.68,-0.34,0.58,0.45,-0.35,-0.59
1742,-8.04,1.95,0.10,-0.46,-0.57,-0.40,-0.55,-11.09,-1.90,0.52,-0.56,-0.51,-0.41,-0.51,10.49,-2.03,-0.39,0.58,0.45,-0.34,-0.58
1753,-7.91,-0.04,0.41,-0.46,-0.57,-0.41,-0.55,-9.16,-2.14,-0.23,-0.57,-0.51,-0.41,-0.50,8.66,-1.82,1.18,0.59,0.44,-0.35,-0.58
1769,-4.57,-0.64,0.04,-0.46,-0.56,-0.41,-0.55,-2.24,-1.15,-2.60,-0.57,-0.51,-0.41,-0.50,4.33,-2.52,3.63,0.58,0.43,-0.36,-0.59
1781,1.45,-1.29,-0.31,-0.47,-0.56,-0.41,-0.55,2.96,-1.32,-0.49,-0.58,-0.50,-0.41,-0.50,-2.64,-0.65,-1.48,0.58,0.43,-0.36,-0.59
1792,3.35,-2.43,-0.41,-0.48,-0.56,-0.40,-0.54,4.29,-1.93,0.24,-0.58,-0.50,-0.40,-0.49,-3.20,0.09,-1.79,0.57,0.43,-0.37,-0.59
1803,1.54,-1.45,-1.05,-0.48,-0.57,-0.40,-0.54,3.11,-1.95,-0.11,-0.59,-0.51,-0.40,-0.49,-2.35,-1.36,-0.72,0.57,0.43,-0.37,-0.60
1818,1.37,-0.80,-1.03,-0.49,-0.57,-0.39,-0.53,1.66,-1.09,-0.14,-0.59,-0.51,-0.40,-0.49,-2.84,-1.67,-0.46,0.57,0.43,-0.37,-0.60
1831,2.90,-2.66,-0.77,-0.49,-0.57,-0.39,-0.53,2.04,-1.92,0.06,-0.59,-0.51,-0.40,-0.48,-2.63,-2.49,-0.75,0.56,0.42,-0.38,-0.60
1842,1.78,-3.20,-0.35,-0.50,-0.57,-0.39,-0.53,1.72,-2.95,-0.38,-0.59,-0.51,-0.40,-0.48,-1.97,-2.67,-0.61,0.56,0.42,-0.38,-0.60
1853,0.39,-1.85,-0.23,-0.50,-0.57,-0.39,-0.53,0.11,-1.76,-0.08,-0.59,-0.50,-0.40,-0.48,-1.11,-1.60,-0.50,0.56,0.42,-0.38,-0.60
1869,-0.53,-0.67,-0.13,-0.49,-0.56,-0.40,-0.53,-1.22,-0.03,0.29,-0.59,-0.50,-0.40,-0.49,0.16,-0.34,-0.74,0.57,0.42,-0.38,-0.59
1882,-1.32,0.77,0.46,-0.49,-0.56,-0.40,-0.53,-1.51,0.25,0.41,-0.59,-0.50,-0.40,-0.49,1.72,1.12,-0.12,0.57,0.42,-0.38,-0.59
1893,-1.44,0.60,1.04,-0.49,-0.56,-0.40,-0.53,-1.59,0.22,0.92,-0.59,-0.50,-0.40,-0.49,1.89,1.28,-0.20,0.57,0.42,-0.38,-0.59
1903,-1.44,0.34,0.90,-0.49,-0.56,-0.40,-0.53,-1.81,-0.12,0.82,-0.59,-0.50,-0.40,-0.49,2.13,0.22,-0.83,0.57,0.42,-0.38,-0.59
1919,-1.70,0.00,0.75,-0.49,-0.56,-0.40,-0.53,-1.96,-0.64,1.01,-0.59,-0.50,-0.40,-0.49,2.09,0.04,-0.95,0.57,0.42,-0.38,-0.60
1932,-0.74,-0.43,1.03,-0.50,-0.56,-0.40,-0.53,-0.98,-0.80,0.97,-0.60,-0.50,-0.40,-0.49,-0.23,-0.34,-0.72,0.57,0.42,-0.38,-0.60
1943,-0.09,-0.81,0.68,-0.50,-0.56,-0.40,-0.53,-0.32,-0.97,0.62,-0.60,-0.50,-0.40,-0.48,-0.82,-0.38,-0.46,0.56,0.42,-0.38,-0.60
1955,0.34,-0.72,0.36,-0.50,-0.56,-0.40,-0.53,0.04,-0.83,0.57,-0.60,-0.50,-0.40,-0.48,-1.15,-0.03,-0.85,0.56,0.42,-0.39,-0.60
1968,0.95,-0.28,1.19,-0.50,-0.56,-0.39,-0.53,0.89,-0.29,1.57,-0.60,-0.50,-0.39,-0.48,-1.46,0.51,-1.05,0.56,0.42,-0.39,-0.60
1981,0.33,-0.15,1.10,-0.50,-0.56,-0.39,-0.53,0.30,-0.17,1.46,-0.60,-0.50,-0.39,-0.48,-1.17,0.88,-0.92,0.56,0.42,-0.39,-0.60
1993,-0.53,0.24,0.77,-0.50,-0.56,-0.39,-0.53,-0.62,0.01,1.08,-0.60,-0.50,-0.39,-0.48,0.47,0.77,-0.62,0.56,0.42,-0.39,-0.60
2004,-2.03,1.04,0.83,-0.50,-0.56,-0.39,-0.53,-2.16,0.45,0.94,-0.60,-0.50,-0.39,-0.48,1.36,1.11,-0.30,0.56,0.42,-0.39,-0.60
2020,-2.13,1.26,0.78,-0.50,-0.56,-0.39,-0.53,-2.23,0.77,1.04,-0.60,-0.50,-0.39,-0.48,1.41,1.34,-0.30,0.55,0.42,-0.39,-0.60
2032,-2.07,1.50,0.60,-0.50,-0.56,-0.39,-0.53,-2.19,0.61,0.80,-0.60,-0.50,-0.39,-0.48,1.21,1.07,-0.24,0.55,0.42,-0.39,-0.60
2043,-2.33,1.63,1.03,-0.51,-0.56,-0.39,-0.53,-2.60,0.68,0.94,-0.61,-0.50,-0.39,-0.48,1.57,1.22,-0.27,0.55,0.42,-0.39,-0.60
2055,-2.45,1.67,1.40,-0.51,-0.56,-0.38,-0.53,-3.03,0.75,1.67,-0.61,-0.51,-0.39,-0.48,2.07,1.49,-0.44,0.55,0.42,-0.39,-0.60
2070,-2.60,1.64,0.95,-0.51,-0.56,-0.38,-0.53,-5.43,0.81,1.47,-0.61,-0.51,-0.38,-0.48,2.59,1.41,-0.44,0.55,0.42,-0.39,-0.60
2083,-4.26,2.78,-0.44,-0.51,-0.56,-0.38,-0.53,-6.62,1.24,1.11,-0.61,-0.51,-0.38,-0.47,5.02,1.58,0.05,0.55,0.42,-0.40,-0.60
2094,-3.72,2.66,-0.23,-0.51,-0.56,-0.38,-0.53,-6.56,2.10,-0.11,-0.61,-0.51,-0.38,-0.47,4.94,1.21,0.84,0.55,0.42,-0.40,-0.60
2106,-4.02,2.53,0.92,-0.50,-0.56,-0.37,-0.54,-5.94,1.71,0.72,-0.62,-0.51,-0.37,-0.47,3.80,1.92,-0.82,0.55,0.42,-0.40,-0.60
2121,-5.34,2.74,0.53,-0.50,-0.57,-0.37,-0.54,-5.90,0.81,2.68,-0.62,-0.51,-0.37,-0.47,3.53,2.46,-2.32,0.55,0.42,-0.40,-0.60
2133,-4.07,2.37,1.66,-0.49,-0.57,-0.36,-0.55,-4.80,1.23,2.34,-0.63,-0.51,-0.36,-0.46,0.89,2.56,-1.45,0.55,0.41,-0.40,-0.60
2145,-1.33,1.32,1.76,-0.49,-0.58,-0.36,-0.55,1.30,0.56,1.40,-0.63,-0.51,-0.36,-0.46,-1.34,1.90,-0.17,0.56,0.41,-0.41,-0.60
2159,-20.49,26.20,26.37,-0.49,-0.58,-0.35,-0.55,-38.00,26.64,10.96,-0.63,-0.51,-0.36,-0.46,2.73,4.78,-0.14,0.56,0.40,-0.41,-0.60
2172,27.73,30.15,-14.56,-0.47,-0.61,-0.33,-0.54,-28.75,29.38,7.61,-0.63,-0.50,-0.37,-0.46,-0.35,40.38,37.50,0.59,0.37,-0.39,-0.60
2185,29.08,32.45,-10.04,-0.45,-0.63,-0.33,-0.54,24.08,40.10,-12.07,-0.63,-0.51,-0.37,-0.46,-22.04,35.68,31.44,0.59,0.34,-0.39,-0.62
2199,-28.93,39.51,-14.52,-0.43,-0.64,-0.34,-0.54,-38.41,40.12,9.65,-0.63,-0.52,-0.38,-0.44,-7.05,25.68,22.24,0.58,0.33,-0.41,-0.63
2211,-16.44,39.50,-17.93,-0.43,-0.65,-0.35,-0.52,-39.47,40.12,7.80,-0.63,-0.50,-0.40,-0.44,39.21,40.24,33.59,0.62,0.29,-0.42,-0.60
2224,39.26,33.81,-11.12,-0.44,-0.66,-0.33,-0.51,31.48,40.01,5.46,-0.63,-0.50,-0.42,-0.42,-35.14,39.83,20.35,0.61,0.26,-0.44,-0.61
2239,39.17,-1.47,1.39,-0.45,-0.67,-0.30,-0.50,38.20,16.45,2.85,-0.67,-0.48,-0.41,-0.39,-39.23,10.42,6.62,0.59,0.24,-0.48,-0.60
2251,21.88,-7.60,-1.21,-0.45,-0.68,-0.30,-0.50,19.66,2.17,2.07,-0.68,-0.45,-0.42,-0.39,-33.68,3.60,0.16,0.57,0.25,-0.52,-0.59
2263,13.54,-9.60,3.12,-0.44,-0.67,-0.31,-0.51,14.39,-2.14,4.71,-0.69,-0.43,-0.43,-0.39,-9.58,5.56,-3.45,0.60,0.24,-0.53,-0.55
2277,16.46,-12.98,3.45,-0.44,-0.66,-0.32,-0.51,13.53,4.50,0.09,-0.68,-0.42,-0.46,-0.38,-5.38,10.79,6.45,0.61,0.23,-0.53,-0.54
2293,10.52,-3.71,-1.73,-0.44,-0.66,-0.33,-0.51,7.75,8.36,-1.85,-0.69,-0.42,-0.46,-0.38,-7.35,9.87,4.81,0.61,0.23,-0.54,-0.53
2304,9.87,0.22,-3.48,-0.44,-0.67,-0.33,-0.50,0.94,6.75,-1.35,-0.69,-0.41,-0.47,-0.38,11.05,7.42,0.88,0.61,0.22,-0.54,-0.53
2317,-0.35,8.26,-1.76,-0.44,-0.66,-0.33,-0.50,-6.88,6.01,2.09,-0.68,-0.41,-0.47,-0.37,12.28,9.96,1.57,0.61,0.22,-0.55,-0.53
2332,0.75,18.26,-1.61,-0.45,-0.66,-0.33,-0.50,-7.51,15.72,3.77,-0.68,-0.42,-0.47,-0.37,8.54,11.62,3.08,0.60,0.22,-0.55,-0.53
2344,2.31,24.63,-1.34,-0.45,-0.67,-0.33,-0.50,-8.77,19.67,4.35,-0.68,-0.42,-0.48,-0.36,9.23,14.82,7.10,0.60,0.20,-0.56,-0.54
2356,2.75,20.91,-1.35,-0.45,-0.67,-0.33,-0.49,-9.71,19.80,3.80,-0.68,-0.42,-0.49,-0.36,8.43,11.77,5.87,0.60,0.20,-0.56,-0.53
2369,3.44,13.41,-1.89,-0.45,-0.67,-0.34,-0.49,-3.16,5.17,-1.26,-0.68,-0.41,-0.49,-0.35,6.40,6.64,3.49,0.60,0.20,-0.57,-0.52
2383,2.30,4.08,-3.12,-0.45,-0.66,-0.35,-0.48,-4.19,2.22,-1.87,-0.69,-0.40,-0.50,-0.35,4.16,0.29,0.91,0.60,0.19,-0.58,-0.51
2395,-0.70,4.72,-2.74,-0.45,-0.66,-0.35,-0.48,-6.46,1.98,-1.71,-0.69,-0.39,-0.50,-0.35,9.42,1.43,0.89,0.61,0.19,-0.58,-0.50
2408,-0.03,7.34,-2.15,-0.45,-0.66,-0.36,-0.48,-7.58,6.82,1.09,-0.69,-0.39,-0.51,-0.34,7.85,8.21,1.44,0.61,0.19,-0.58,-0.50
2421,0.76,10.80,-0.47,-0.45,-0.66,-0.36,-0.48,-5.87,9.47,3.72,-0.69,-0.38,-0.51,-0.34,6.97,10.48,1.59,0.61,0.18,-0.59,-0.50
2435,2.04,11.44,0.77,-0.45,-0.66,-0.36,-0.47,-5.58,9.26,4.40,-0.69,-0.38,-0.51,-0.34,6.79,8.20,1.31,0.61,0.18,-0.59,-0.49
2447,2.03,10.81,0.57,-0.45,-0.67,-0.36,-0.47,-5.67,7.60,2.27,-0.69,-0.37,-0.52,-0.33,6.79,7.03,1.15,0.62,0.17,-0.59,-0.49
2461,2.10,10.08,-0.08,-0.46,-0.67,-0.36,-0.46,-5.41,6.93,1.81,-0.69,-0.37,-0.52,-0.33,6.78,6.07,1.03,0.62,0.17,-0.60,-0.49
2473,2.19,8.23,-1.73,-0.45,-0.67,-0.37,-0.46,-6.37,7.18,1.04,-0.70,-0.37,-0.52,-0.33,7.35,5.86,1.03,0.62,0.17,-0.60,-0.48
2484,2.21,9.02,-2.43,-0.45,-0.67,-0.37,-0.46,-6.40,8.23,0.64,-0.70,-0.36,-0.52,-0.33,7.72,6.66,2.69,0.62,0.16,-0.60,-0.48
2496,2.09,9.58,-2.97,-0.45,-0.67,-0.37,-0.46,-6.00,9.16,0.80,-0.70,-0.36,-0.53,-0.33,7.11,8.29,3.52,0.62,0.16,-0.60,-0.48
2509,1.79,9.63,-2.81,-0.45,-0.67,-0.37,-0.46,-5.65,8.22,0.66,-0.70,-0.36,-0.53,-0.32,6.43,6.91,2.74,0.62,0.16,-0.61,-0.47
2522,1.52,9.20,-2.15,-0.45,-0.67,-0.37,-0.45,-5.66,7.74,0.86,-0.70,-0.36,-0.53,-0.32,6.43,6.10,2.54,0.62,0.16,-0.61,-0.47
2536,1.77,9.05,-2.16,-0.45,-0.67,-0.37,-0.45,-5.63,7.56,0.88,-0.70,-0.35,-0.53,-0.32,6.44,6.15,2.63,0.62,0.16,-0.61,-0.47
2549,2.39,9.12,-2.72,-0.45,-0.67,-0.37,-0.45,-5.39,8.34,1.15,-0.70,-0.35,-0.53,-0.32,6.39,6.93,2.60,0.62,0.15,-0.61,-0.47
2561,2.46,9.15,-2.68,-0.45,-0.67,-0.37,-0.45,-5.27,8.31,1.57,-0.70,-0.35,-0.53,-0.32,6.11,7.43,2.49,0.62,0.15,-0.61,-0.47
2575,2.31,8.90,-1.99,-0.45,-0.68,-0.37,-0.45,-5.43,7.99,1.89,-0.70,-0.35,-0.53,-0.32,6.24,7.04,1.67,0.62,0.15,-0.61,-0.46
2589,2.47,9.01,-1.86,-0.45,-0.68,-0.37,-0.44,-5.28,8.27,1.91,-0.71,-0.35,-0.53,-0.32,6.33,7.14,1.94,0.62,0.15,-0.61,-0.46
2601,2.67,9.38,-1.98,-0.45,-0.68,-0.37,-0.44,-5.46,8.43,1.93,-0.71,-0.34,-0.53,-0.31,6.36,7.40,2.14,0.62,0.15,-0.62,-0.46
2613,2.35,9.42,-1.84,-0.45,-0.68,-0.37,-0.44,-5.71,8.34,1.85,-0.71,-0.34,-0.53,-0.31,6.67,7.35,2.03,0.62,0.14,-0.62,-0.46
2626,2.05,9.28,-1.64,-0.45,-0.68,-0.37,-0.44,-6.06,7.91,2.02,-0.71,-0.34,-0.53,-0.31,7.32,7.08,1.68,0.62,0.14,-0.62,-0.46
2643,2.38,9.28,-1.91,-0.45,-0.68,-0.37,-0.44,-6.13,7.99,2.15,-0.71,-0.34,-0.53,-0.31,7.41,7.35,1.73,0.62,0.14,-0.62,-0.46
2653,2.28,9.27,-1.90,-0.45,-0.68,-0.37,-0.44,-6.15,8.05,2.19,-0.71,-0.34,-0.53,-0.31,7.30,7.47,1.65,0.62,0.14,-0.62,-0.46
2666,2.09,9.35,-1.73,-0.45,-0.68,-0.37,-0.44,-5.85,8.03,2.24,-0.71,-0.34,-0.53,-0.31,6.19,7.15,1.75,0.62,0.14,-0.62,-0.46
2679,2.38,9.17,-1.79,-0.45,-0.68,-0.37,-0.44,-5.10,8.09,1.94,-0.71,-0.34,-0.53,-0.31,5.85,7.03,2.01,0.62,0.14,-0.62,-0.46
2694,2.90,8.74,-2.08,-0.45,-0.68,-0.37,-0.44,-5.17,8.09,1.86,-0.71,-0.34,-0.53,-0.31,5.90,7.06,2.07,0.62,0.14,-0.62,-0.46
2704,2.94,8.96,-2.28,-0.45,-0.68,-0.37,-0.44,-5.25,8.27,1.78,-0.71,-0.34,-0.53,-0.31,5.99,7.43,2.38,0.62,0.14,-0.62,-0.46
2718,2.91,9.09,-2.51,-0.45,-0.69,-0.37,-0.44,-5.15,8.49,1.63,-0.71,-0.34,-0.53,-0.31,5.97,7.53,2.54,0.62,0.14,-0.62,-0.46
2730,2.93,9.06,-2.68,-0.45,-0.69,-0.37,-0.44,-5.42,8.67,1.58,-0.71,-0.34,-0.53,-0.31,6.15,7.51,2.63,0.62,0.14,-0.62,-0.46
2744,2.87,9.33,-2.73,-0.45,-0.69,-0.37,-0.44,-5.50,8.70,1.62,-0.71,-0.34,-0.53,-0.31,6.39,7.56,2.46,0.62,0.14,-0.62,-0.46
2756,2.90,9.28,-2.65,-0.45,-0.69,-0.37,-0.44,-5.34,8.70,1.62,-0.71,-0.34,-0.53,-0.31,6.01,7.48,2.44,0.62,0.14,-0.62,-0.46
2769,2.96,9.10,-2.53,-0.44,-0.69,-0.37,-0.44,-5.12,8.59,1.65,-0.71,-0.34,-0.53,-0.31,5.95,7.46,2.08,0.62,0.14,-0.62,-0.46
2782,3.02,9.02,-1.94,-0.44,-0.69,-0.37,-0.44,-5.17,8.37,2.15,-0.71,-0.34,-0.53,-0.31,6.04,7.60,1.80,0.62,0.14,-0.62,-0.46
2795,3.00,9.04,-1.77,-0.44,-0.69,-0.37,-0.44,-5.12,8.43,2.20,-0.71,-0.34,-0.53,-0.31,5.97,7.69,1.56,0.62,0.14,-0.62,-0.46
2808,3.02,8.89,-1.59,-0.44,-0.69,-0.37,-0.44,-4.91,8.23,2.57,-0.71,-0.34,-0.53,-0.31,5.88,7.65,1.50,0.62,0.14,-0.62,-0.46
2820,3.20,8.87,-1.51,-0.44,-0.69,-0.37,-0.44,-5.05,8.30,2.77,-0.71,-0.34,-0.53,-0.31,5.92,7.77,1.52,0.62,0.14,-0.62,-0.46
2833,3.18,9.12,-1.47,-0.44,-0.69,-0.37,-0.44,-4.98,8.40,2.81,-0.71,-0.35,-0.53,-0.31,5.83,7.81,1.65,0.62,0.14,-0.62,-0.46
2846,3.29,9.03,-1.52,-0.44,-0.69,-0.37,-0.44,-4.57,8.36,2.60,-0.71,-0.35,-0.53,-0.31,5.37,7.65,1.75,0.62,0.14,-0.61,-0.46
2859,3.28,8.55,-1.62,-0.44,-0.69,-0.37,-0.44,-4.54,8.17,2.53,-0.71,-0.35,-0.53,-0.31,5.39,7.48,1.70,0.62,0.14,-0.61,-0.46
2871,3.20,8.70,-1.71,-0.44,-0.69,-0.37,-0.44,-4.94,8.27,2.33,-0.71,-0.35,-0.53,-0.31,5.70,7.58,1.87,0.62,0.14,-0.61,-0.46
2883,3.07,9.06,-1.86,-0.44,-0.69,-0.37,-0.44,-4.83,8.43,2.30,-0.71,-0.35,-0.53,-0.31,5.65,7.63,1.91,0.62,0.14,-0.61,-0.46
2897,3.08,8.87,-1.81,-0.44,-0.69,-0.37,-0.44,-4.77,8.36,2.35,-0.71,-0.35,-0.53,-0.31,5.65,7.52,2.11,0.62,0.14,-0.61,-0.47
2909,3.05,8.87,-1.90,-0.44,-0.69,-0.37,-0.44,-4.82,8.30,2.23,-0.71,-0.35,-0.53,-0.32,5.93,7.38,2.23,0.62,0.14,-0.61,-0.47
2921,3.08,8.95,-2.12,-0.44,-0.69,-0.37,-0.44,-5.17,8.37,1.81,-0.71,-0.35,-0.53,-0.32,5.99,7.44,2.29,0.62,0.14,-0.61,-0.47
2933,2.73,8.98,-2.37,-0.44,-0.69,-0.37,-0.44,-5.20,8.34,1.69,-0.71,-0.35,-0.53,-0.32,5.94,7.36,2.28,0.62,0.14,-0.61,-0.47
2946,2.66,8.96,-2.34,-0.44,-0.69,-0.37,-0.44,-5.22,8.36,1.55,-0.70,-0.35,-0.53,-0.32,5.88,7.19,2.33,0.63,0.14,-0.61,-0.47
2960,2.68,8.80,-2.23,-0.44,-0.69,-0.37,-0.44,-5.06,8.06,1.83,-0.70,-0.35,-0.53,-0.32,5.86,7.12,2.17,0.63,0.14,-0.61,-0.47
2971,2.75,8.68,-2.12,-0.44,-0.69,-0.37,-0.44,-5.29,8.13,1.76,-0.70,-0.35,-0.53,-0.32,6.27,7.12,2.35,0.63,0.14,-0.61,-0.47
2984,2.68,9.30,-2.38,-0.44,-0.69,-0.37,-0.44,-5.56,8.28,1.69,-0.70,-0.35,-0.53,-0.32,6.64,7.21,2.52,0.63,0.14,-0.61,-0.47
2997,2.56,9.26,-2.17,-0.44,-0.69,-0.37,-0.44,-5.61,8.15,2.13,-0.70,-0.35,-0.53,-0.32,6.38,7.33,1.94,0.63,0.15,-0.61,-0.47
3011,2.41,9.19,-1.93,-0.44,-0.69,-0.37,-0.44,-5.41,7.93,2.07,-0.70,-0.35,-0.53,-0.32,6.14,7.09,1.94,0.63,0.15,-0.60,-0.47
3022,2.57,8.90,-1.94,-0.44,-0.69,-0.37,-0.44,-5.31,7.97,2.05,-0.70,-0.35,-0.53,-0.32,6.07,7.02,1.87,0.63,0.15,-0.60,-0.47
3035,2.62,8.95,-2.01,-0.44,-0.69,-0.37,-0.44,-5.44,8.08,2.04,-0.70,-0.35,-0.53,-0.32,6.36,7.19,2.08,0.63,0.15,-0.60,-0.47
3049,2.81,9.15,-2.12,-0.44,-0.69,-0.37,-0.44,-5.60,8.35,1.86,-0.70,-0.35,-0.53,-0.33,6.59,7.59,2.76,0.63,0.15,-0.60,-0.47
3062,2.65,9.14,-2.39,-0.43,-0.69,-0.37,-0.44,-5.22,8.43,1.61,-0.70,-0.35,-0.53,-0.33,6.35,7.59,2.70,0.63,0.15,-0.60,-0.48
3073,2.63,8.98,-2.50,-0.43,-0.69,-0.37,-0.45,-5.29,8.35,1.45,-0.70,-0.35,-0.53,-0.33,6.44,7.20,2.83,0.63,0.15,-0.60,-0.48
3087,2.70,9.03,-2.78,-0.43,-0.69,-0.37,-0.45,-5.38,8.46,1.11,-0.70,-0.35,-0.53,-0.33,6.56,7.31,3.09,0.63,0.16,-0.60,-0.48
3100,2.86,9.10,-3.04,-0.43,-0.69,-0.37,-0.45,-5.63,9.03,1.05,-0.70,-0.36,-0.53,-0.33,6.78,7.46,3.21,0.63,0.16,-0.59,-0.48
3112,2.80,9.44,-3.08,-0.43,-0.69,-0.37,-0.45,-5.53,9.13,1.14,-0.70,-0.36,-0.53,-0.33,6.60,7.72,3.38,0.63,0.16,-0.59,-0.48
3123,2.97,9.46,-3.02,-0.43,-0.69,-0.37,-0.45,-5.21,9.14,1.27,-0.70,-0.36,-0.52,-0.34,6.33,7.89,3.24,0.63,0.16,-0.59,-0.48
3136,3.62,9.18,-2.80,-0.43,-0.69,-0.37,-0.45,-4.64,9.32,1.54,-0.70,-0.36,-0.52,-0.34,6.18,8.09,3.42,0.63,0.17,-0.58,-0.49
3150,3.92,9.21,-2.71,-0.43,-0.69,-0.37,-0.46,-4.48,9.69,1.72,-0.69,-0.36,-0.52,-0.34,5.75,8.64,3.43,0.63,0.17,-0.58,-0.49
3163,4.26,9.44,-2.62,-0.43,-0.69,-0.37,-0.46,-4.12,9.76,1.58,-0.69,-0.37,-0.52,-0.34,5.28,8.66,3.42,0.63,0.17,-0.58,-0.49
3174,4.31,8.63,-2.25,-0.43,-0.69,-0.36,-0.46,-3.47,9.47,1.87,-0.69,-0.37,-0.51,-0.35,4.80,8.74,3.37,0.62,0.17,-0.58,-0.50
3188,4.62,8.69,-2.15,-0.43,-0.69,-0.36,-0.46,-3.55,9.63,2.02,-0.69,-0.37,-0.51,-0.35,4.79,9.11,3.19,0.62,0.18,-0.57,-0.50
3202,4.81,9.12,-1.95,-0.43,-0.68,-0.36,-0.47,-3.27,9.99,2.63,-0.69,-0.37,-0.51,-0.35,4.47,9.29,3.23,0.62,0.18,-0.57,-0.50
3213,5.32,8.87,-1.48,-0.43,-0.68,-0.36,-0.47,-2.63,10.06,2.73,-0.69,-0.38,-0.50,-0.36,3.82,9.58,3.16,0.62,0.19,-0.57,-0.51
3224,5.41,8.97,-1.48,-0.43,-0.68,-0.36,-0.47,-2.63,10.04,2.78,-0.69,-0.38,-0.50,-0.36,3.78,9.49,3.28,0.62,0.19,-0.56,-0.51
3239,5.18,8.87,-1.49,-0.43,-0.68,-0.36,-0.47,-2.60,9.95,2.61,-0.69,-0.38,-0.50,-0.37,3.68,9.06,3.53,0.62,0.20,-0.55,-0.52
3252,5.00,8.51,-1.56,-0.42,-0.68,-0.36,-0.48,-2.66,9.93,2.17,-0.68,-0.39,-0.50,-0.37,3.73,9.01,3.58,0.62,0.20,-0.55,-0.52
3263,5.08,9.08,-1.85,-0.42,-0.68,-0.36,-0.48,-2.78,10.07,2.22,-0.68,-0.39,-0.49,-0.37,3.75,9.11,3.55,0.62,0.21,-0.55,-0.52
3274,4.86,8.95,-1.82,-0.42,-0.68,-0.36,-0.48,-2.71,9.99,2.15,-0.68,-0.39,-0.49,-0.38,3.61,9.08,3.74,0.62,0.21,-0.54,-0.52
3289,4.56,8.85,-1.83,-0.42,-0.68,-0.36,-0.49,-2.75,9.80,1.79,-0.68,-0.40,-0.49,-0.38,3.58,8.56,3.90,0.62,0.22,-0.53,-0.53
3302,4.46,8.98,-1.98,-0.42,-0.67,-0.36,-0.49,-2.66,9.74,1.57,-0.68,-0.40,-0.48,-0.39,3.40,8.49,3.99,0.62,0.23,-0.53,-0.53
3313,4.16,8.64,-2.06,-0.42,-0.67,-0.35,-0.49,-2.64,9.64,1.48,-0.67,-0.40,-0.48,-0.39,3.23,8.18,4.26,0.62,0.23,-0.53,-0.53
3324,4.00,8.68,-2.12,-0.42,-0.67,-0.35,-0.50,-2.60,9.55,1.32,-0.67,-0.40,-0.48,-0.40,3.11,8.10,4.11,0.62,0.24,-0.52,-0.54
3338,3.93,8.67,-2.17,-0.42,-0.67,-0.35,-0.50,-2.55,9.48,1.25,-0.67,-0.41,-0.47,-0.40,3.07,8.06,4.36,0.62,0.25,-0.51,-0.54
3352,3.73,8.88,-1.89,-0.42,-0.66,-0.35,-0.50,-2.31,9.47,1.66,-0.67,-0.41,-0.47,-0.41,2.83,8.26,4.04,0.62,0.25,-0.51,-0.54
3363,3.90,8.37,-1.65,-0.43,-0.66,-0.35,-0.50,-1.94,9.31,1.75,-0.67,-0.41,-0.47,-0.41,2.52,8.35,4.05,0.62,0.26,-0.50,-0.55
3374,4.10,8.21,-1.58,-0.43,-0.66,-0.35,-0.51,-1.71,9.24,1.57,-0.67,-0.41,-0.46,-0.41,2.13,8.18,4.19,0.62,0.26,-0.50,-0.55
3388,4.19,8.48,-1.58,-0.43,-0.66,-0.35,-0.51,-1.73,9.27,1.47,-0.66,-0.42,-0.46,-0.42,2.00,8.11,4.06,0.61,0.27,-0.49,-0.55
3402,4.21,8.31,-1.65,-0.43,-0.66,-0.35,-0.51,-1.35,9.47,1.58,-0.66,-0.42,-0.45,-0.42,1.85,8.44,4.36,0.61,0.27,-0.49,-0.56
3414,4.65,8.45,-1.55,-0.43,-0.66,-0.35,-0.51,-1.18,9.59,1.55,-0.66,-0.42,-0.45,-0.43,1.57,8.62,4.43,0.61,0.28,-0.48,-0.56
3424,4.47,8.56,-1.27,-0.43,-0.65,-0.35,-0.51,-1.04,9.79,1.60,-0.66,-0.43,-0.45,-0.43,1.18,8.70,4.47,0.61,0.28,-0.48,-0.56
3438,4.47,8.51,-1.39,-0.43,-0.65,-0.35,-0.51,-0.05,9.77,1.84,-0.66,-0.43,-0.44,-0.43,0.75,8.90,4.45,0.61,0.29,-0.47,-0.57
3452,5.65,8.45,-1.51,-0.43,-0.65,-0.35,-0.52,0.02,9.87,1.45,-0.66,-0.44,-0.43,-0.44,0.48,8.96,4.45,0.60,0.30,-0.47,-0.57
3464,5.04,8.53,-1.17,-0.43,-0.65,-0.35,-0.52,-0.51,9.82,2.11,-0.66,-0.44,-0.43,-0.44,0.69,9.03,4.14,0.60,0.30,-0.46,-0.58
3474,4.45,8.91,-1.00,-0.44,-0.65,-0.35,-0.52,-0.98,9.67,2.29,-0.66,-0.44,-0.42,-0.44,1.35,9.07,3.65,0.60,0.31,-0.46,-0.58
3488,3.53,8.99,-0.51,-0.44,-0.64,-0.35,-0.52,-1.32,9.47,2.45,-0.65,-0.45,-0.42,-0.44,1.56,8.92,3.43,0.59,0.32,-0.45,-0.59
3503,2.96,8.62,-0.35,-0.44,-0.64,-0.35,-0.52,-0.93,8.68,2.47,-0.65,-0.46,-0.41,-0.44,1.15,8.49,3.53,0.59,0.32,-0.45,-0.59
3514,3.12,8.32,-0.24,-0.44,-0.64,-0.35,-0.52,-0.87,8.50,2.31,-0.65,-0.46,-0.41,-0.45,1.04,8.03,3.58,0.59,0.33,-0.44,-0.59
3525,3.05,8.13,0.05,-0.44,-0.64,-0.35,-0.52,-0.93,8.21,2.39,-0.65,-0.47,-0.40,-0.45,0.97,7.87,3.28,0.58,0.33,-0.44,-0.60
3539,2.53,8.22,-0.01,-0.45,-0.64,-0.35,-0.52,-1.07,8.12,2.67,-0.64,-0.48,-0.40,-0.45,0.82,7.90,2.91,0.58,0.34,-0.43,-0.60
3553,1.41,8.80,0.11,-0.45,-0.64,-0.35,-0.52,-2.06,8.16,2.41,-0.64,-0.48,-0.39,-0.45,1.01,7.36,3.06,0.57,0.35,-0.42,-0.61
3564,0.89,8.89,-0.08,-0.45,-0.64,-0.35,-0.52,-2.18,8.16,2.33,-0.64,-0.49,-0.39,-0.45,1.07,7.34,3.24,0.57,0.35,-0.42,-0.61
3575,0.87,8.85,-0.21,-0.45,-0.64,-0.35,-0.52,-2.27,8.13,2.20,-0.64,-0.49,-0.39,-0.45,1.37,7.46,3.33,0.57,0.36,-0.42,-0.61
3587,0.83,9.02,-0.21,-0.45,-0.63,-0.35,-0.52,-2.58,8.01,2.08,-0.63,-0.50,-0.39,-0.45,1.49,7.45,3.02,0.57,0.36,-0.41,-0.61
3603,0.21,8.91,0.40,-0.45,-0.63,-0.35,-0.52,-2.83,7.84,2.57,-0.63,-0.50,-0.38,-0.45,1.73,7.39,2.76,0.56,0.37,-0.41,-0.62
3614,-0.01,9.08,0.72,-0.46,-0.63,-0.35,-0.52,-3.23,8.11,3.00,-0.63,-0.51,-0.38,-0.45,1.84,7.92,2.28,0.56,0.37,-0.41,-0.62
3625,-0.20,9.46,0.86,-0.46,-0.63,-0.35,-0.52,-3.25,8.34,3.11,-0.63,-0.51,-0.38,-0.45,1.60,8.17,2.14,0.55,0.37,-0.40,-0.62
3636,-0.43,9.84,0.84,-0.46,-0.63,-0.35,-0.52,-3.02,8.64,3.42,-0.63,-0.51,-0.38,-0.45,1.35,8.54,2.38,0.55,0.38,-0.40,-0.63
3651,0.45,9.65,1.15,-0.46,-0.63,-0.35,-0.52,-1.98,8.91,3.12,-0.62,-0.52,-0.38,-0.45,1.01,9.03,2.82,0.55,0.38,-0.40,-0.63
3663,1.15,9.71,1.03,-0.46,-0.63,-0.35,-0.52,-1.68,9.14,3.17,-0.62,-0.52,-0.37,-0.45,0.45,9.12,2.78,0.55,0.38,-0.40,-0.63
3674,1.73,9.75,1.12,-0.46,-0.63,-0.35,-0.52,-1.39,9.32,3.08,-0.62,-0.52,-0.37,-0.45,-0.14,9.30,2.87,0.54,0.38,-0.40,-0.63
3685,1.92,9.90,0.72,-0.46,-0.63,-0.35,-0.52,-1.19,9.54,2.80,-0.62,-0.52,-0.37,-0.45,-0.14,9.24,2.83,0.55,0.38,-0.40,-0.63
3697,1.89,10.08,0.68,-0.46,-0.63,-0.35,-0.52,-1.31,9.63,2.76,-0.62,-0.52,-0.38,-0.45,0.00,9.38,2.90,0.55,0.39,-0.40,-0.63
3710,1.86,10.16,0.59,-0.46,-0.63,-0.35,-0.52,-1.26,9.76,2.50,-0.62,-0.52,-0.38,-0.45,0.12,9.40,3.40,0.55,0.39,-0.39,-0.63
3723,2.74,9.48,-0.19,-0.46,-0.63,-0.35,-0.52,-0.43,9.56,1.47,-0.62,-0.52,-0.38,-0.45,-0.25,9.20,4.27,0.55,0.39,-0.39,-0.63
3734,2.96,9.21,-0.35,-0.46,-0.63,-0.35,-0.52,-0.27,9.42,1.15,-0.62,-0.52,-0.38,-0.45,-0.68,8.69,4.25,0.55,0.39,-0.39,-0.62
3745,2.87,9.06,-0.40,-0.46,-0.63,-0.36,-0.52,-0.08,9.36,1.29,-0.62,-0.52,-0.38,-0.46,-0.69,8.86,4.38,0.56,0.39,-0.39,-0.62
3757,3.59,9.01,-0.41,-0.45,-0.63,-0.36,-0.52,0.19,9.50,1.50,-0.61,-0.52,-0.38,-0.46,-0.74,9.06,4.21,0.56,0.39,-0.39,-0.62
3770,3.85,8.92,-0.55,-0.45,-0.63,-0.36,-0.52,0.46,9.67,0.90,-0.61,-0.52,-0.38,-0.46,-0.78,8.96,4.20,0.56,0.39,-0.39,-0.62
3783,3.58,9.04,-0.53,-0.45,-0.63,-0.36,-0.52,0.18,9.59,1.11,-0.61,-0.52,-0.38,-0.46,-0.58,9.05,4.07,0.56,0.39,-0.39,-0.62
3795,3.55,9.10,-0.37,-0.45,-0.63,-0.36,-0.52,0.23,9.70,1.41,-0.61,-0.52,-0.38,-0.46,-0.42,9.28,4.33,0.56,0.39,-0.39,-0.62
3805,3.70,9.02,-0.26,-0.45,-0.63,-0.36,-0.52,0.25,9.59,1.33,-0.61,-0.52,-0.38,-0.46,-0.68,9.18,4.27,0.56,0.39,-0.38,-0.62
3817,3.51,9.05,-0.33,-0.46,-0.63,-0.36,-0.52,0.14,9.51,1.29,-0.61,-0.52,-0.38,-0.46,-0.60,8.88,3.85,0.56,0.40,-0.38,-0.62
3830,3.25,9.15,-0.25,-0.46,-0.63,-0.35,-0.52,-0.03,9.45,1.54,-0.61,-0.52,-0.38,-0.46,-0.42,9.10,3.73,0.55,0.40,-0.38,-0.62
3844,2.69,9.49,0.05,-0.46,-0.63,-0.35,-0.52,-0.39,9.69,1.79,-0.61,-0.52,-0.38,-0.46,-0.54,9.15,3.80,0.55,0.40,-0.38,-0.63
3855,2.62,9.50,0.02,-0.46,-0.63,-0.35,-0.52,-0.33,9.59,1.76,-0.61,-0.52,-0.38,-0.46,-0.64,9.05,4.00,0.55,0.40,-0.38,-0.63
3866,2.73,9.50,0.00,-0.46,-0.63,-0.35,-0.52,-0.19,9.63,1.76,-0.61,-0.53,-0.38,-0.46,-0.82,9.05,3.97,0.55,0.40,-0.38,-0.63
3878,3.12,9.26,0.05,-0.46,-0.63,-0.35,-0.52,0.15,9.47,1.70,-0.61,-0.53,-0.38,-0.46,-1.14,8.88,3.80,0.55,0.40,-0.38,-0.63
3894,3.21,9.16,0.09,-0.46,-0.63,-0.35,-0.52,0.22,9.40,1.70,-0.61,-0.53,-0.38,-0.45,-1.12,8.86,3.76,0.55,0.40,-0.38,-0.63
3906,3.03,9.16,0.11,-0.46,-0.63,-0.35,-0.52,0.10,9.42,1.70,-0.61,-0.53,-0.37,-0.45,-1.08,8.84,3.71,0.55,0.40,-0.38,-0.63
3917,2.79,9.21,0.21,-0.46,-0.63,-0.35,-0.52,0.04,9.42,1.64,-0.61,-0.53,-0.37,-0.45,-1.07,8.94,3.43,0.55,0.40,-0.38,-0.63
3931,2.73,9.23,0.13,-0.46,-0.63,-0.35,-0.52,0.00,9.38,1.65,-0.61,-0.53,-0.37,-0.46,-0.92,8.88,3.51,0.55,0.40,-0.38,-0.63
3945,2.78,9.27,0.22,-0.46,-0.63,-0.35,-0.52,-0.29,9.41,1.79,-0.61,-0.53,-0.37,-0.46,-0.70,9.01,3.54,0.55,0.40,-0.38,-0.63
3956,2.82,9.23,0.09,-0.46,-0.63,-0.35,-0.52,-0.16,9.43,1.69,-0.61,-0.53,-0.38,-0.46,-0.77,8.92,3.60,0.55,0.40,-0.38,-0.63
3968,2.83,9.19,0.10,-0.46,-0.63,-0.35,-0.52,-0.04,9.43,1.65,-0.61,-0.53,-0.38,-0.46,-0.84,8.92,3.91,0.55,0.40,-0.38,-0.63
3983,2.85,9.30,-0.01,-0.46,-0.63,-0.35,-0.52,-0.08,9.60,1.40,-0.61,-0.53,-0.38,-0.46,-0.80,8.93,3.93,0.55,0.40,-0.37,-0.63
3996,2.78,9.30,-0.14,-0.46,-0.63,-0.35,-0.52,-0.11,9.60,1.32,-0.60,-0.53,-0.38,-0.46,-0.77,8.90,4.15,0.55,0.40,-0.37,-0.63
4007,2.86,9.34,-0.22,-0.46,-0.63,-0.35,-0.52,-0.11,9.57,1.29,-0.60,-0.53,-0.38,-0.46,-0.73,8.88,4.19,0.55,0.40,-0.37,-0.63
4019,2.95,9.22,-0.29,-0.46,-0.63,-0.35,-0.52,-0.02,9.43,1.16,-0.60,-0.53,-0.38,-0.46,-0.71,8.70,4.09,0.55,0.40,-0.37,-0.63
4034,3.12,9.21,-0.18,-0.46,-0.63,-0.35,-0.52,0.12,9.52,1.36,-0.60,-0.53,-0.38,-0.46,-0.80,8.79,3.90,0.55,0.41,-0.37,-0.63
4046,3.25,9.30,-0.12,-0.46,-0.63,-0.35,-0.52,0.24,9.62,1.33,-0.60,-0.53,-0.38,-0.46,-1.24,8.98,4.11,0.55,0.41,-0.37,-0.63
4058,3.35,9.24,-0.14,-0.46,-0.63,-0.35,-0.52,0.56,9.68,1.30,-0.60,-0.53,-0.38,-0.46,-1.36,9.08,4.26,0.55,0.41,-0.37,-0.63
4071,3.50,9.16,-0.16,-0.46,-0.63,-0.35,-0.52,0.62,9.61,1.31,-0.60,-0.53,-0.38,-0.46,-1.35,9.01,4.13,0.55,0.41,-0.37,-0.63
4085,3.48,8.97,-0.20,-0.46,-0.63,-0.35,-0.52,0.58,9.44,1.27,-0.60,-0.53,-0.38,-0.46,-1.40,8.79,4.02,0.55,0.41,-0.37,-0.63
4096,3.43,8.96,-0.20,-0.46,-0.63,-0.35,-0.52,0.53,9.40,1.29,-0.60,-0.53,-0.38,-0.46,-1.36,8.74,4.03,0.55,0.41,-0.37,-0.63
4107,3.35,9.09,-0.07,-0.46,-0.63,-0.35,-0.52,0.45,9.53,1.39,-0.60,-0.53,-0.38,-0.46,-1.29,8.98,4.11,0.55,0.41,-0.37,-0.63
4118,3.49,9.10,-0.04,-0.46,-0.63,-0.35,-0.52,0.60,9.57,1.46,-0.60,-0.53,-0.38,-0.46,-1.51,9.07,3.67,0.55,0.41,-0.37,-0.63
4131,3.49,9.15,-0.10,-0.46,-0.63,-0.35,-0.52,0.74,9.60,1.33,-0.60,-0.54,-0.38,-0.46,-1.57,8.88,3.97,0.55,0.41,-0.37,-0.63
4146,3.56,9.10,-0.19,-0.46,-0.63,-0.35,-0.52,0.70,9.57,1.22,-0.60,-0.54,-0.38,-0.46,-1.47,8.81,3.93,0.55,0.41,-0.37,-0.63
